[{"model": "admin.logentry", "pk": 1, "fields": {"action_time": "2023-02-20T12:37:31.656Z", "user": 1, "content_type": 18, "object_id": "1", "object_repr": "Amjad", "action_flag": 1, "change_message": "[{\"added\": {}}]"}}, {"model": "admin.logentry", "pk": 2, "fields": {"action_time": "2023-02-20T21:31:39.626Z", "user": 1, "content_type": 12, "object_id": "1", "object_repr": "India", "action_flag": 1, "change_message": "[{\"added\": {}}]"}}, {"model": "admin.logentry", "pk": 3, "fields": {"action_time": "2023-02-20T21:31:51.149Z", "user": 1, "content_type": 12, "object_id": "2", "object_repr": "Saudi Arabia", "action_flag": 1, "change_message": "[{\"added\": {}}]"}}, {"model": "admin.logentry", "pk": 4, "fields": {"action_time": "2023-02-20T21:31:58.693Z", "user": 1, "content_type": 12, "object_id": "3", "object_repr": "Pakistan", "action_flag": 1, "change_message": "[{\"added\": {}}]"}}, {"model": "admin.logentry", "pk": 5, "fields": {"action_time": "2023-02-20T21:32:30.751Z", "user": 1, "content_type": 11, "object_id": "1", "object_repr": "Hyderabad", "action_flag": 1, "change_message": "[{\"added\": {}}]"}}, {"model": "admin.logentry", "pk": 6, "fields": {"action_time": "2023-02-20T21:32:41.132Z", "user": 1, "content_type": 11, "object_id": "2", "object_repr": "Bombay", "action_flag": 1, "change_message": "[{\"added\": {}}]"}}, {"model": "admin.logentry", "pk": 7, "fields": {"action_time": "2023-02-20T21:32:48.128Z", "user": 1, "content_type": 11, "object_id": "3", "object_repr": "Delhi", "action_flag": 1, "change_message": "[{\"added\": {}}]"}}, {"model": "admin.logentry", "pk": 8, "fields": {"action_time": "2023-02-20T21:32:59.900Z", "user": 1, "content_type": 11, "object_id": "4", "object_repr": "Chennai", "action_flag": 1, "change_message": "[{\"added\": {}}]"}}, {"model": "admin.logentry", "pk": 9, "fields": {"action_time": "2023-02-20T21:33:08.649Z", "user": 1, "content_type": 11, "object_id": "5", "object_repr": "Dammam", "action_flag": 1, "change_message": "[{\"added\": {}}]"}}, {"model": "admin.logentry", "pk": 10, "fields": {"action_time": "2023-02-20T21:33:15.422Z", "user": 1, "content_type": 11, "object_id": "6", "object_repr": "Riyadh", "action_flag": 1, "change_message": "[{\"added\": {}}]"}}, {"model": "admin.logentry", "pk": 11, "fields": {"action_time": "2023-02-20T21:33:21.892Z", "user": 1, "content_type": 11, "object_id": "7", "object_repr": "Jeddah", "action_flag": 1, "change_message": "[{\"added\": {}}]"}}, {"model": "admin.logentry", "pk": 12, "fields": {"action_time": "2023-02-20T21:33:29.462Z", "user": 1, "content_type": 11, "object_id": "8", "object_repr": "Karachi", "action_flag": 1, "change_message": "[{\"added\": {}}]"}}, {"model": "admin.logentry", "pk": 13, "fields": {"action_time": "2023-02-20T21:33:50.813Z", "user": 1, "content_type": 10, "object_id": "1", "object_repr": "Lands", "action_flag": 1, "change_message": "[{\"added\": {}}]"}}, {"model": "admin.logentry", "pk": 14, "fields": {"action_time": "2023-02-20T21:33:55.304Z", "user": 1, "content_type": 10, "object_id": "2", "object_repr": "Plots", "action_flag": 1, "change_message": "[{\"added\": {}}]"}}, {"model": "admin.logentry", "pk": 15, "fields": {"action_time": "2023-02-20T21:34:01.072Z", "user": 1, "content_type": 10, "object_id": "3", "object_repr": "Flats", "action_flag": 1, "change_message": "[{\"added\": {}}]"}}, {"model": "admin.logentry", "pk": 16, "fields": {"action_time": "2023-02-20T21:34:11.031Z", "user": 1, "content_type": 10, "object_id": "4", "object_repr": "PG", "action_flag": 1, "change_message": "[{\"added\": {}}]"}}, {"model": "admin.logentry", "pk": 17, "fields": {"action_time": "2023-02-20T21:34:15.558Z", "user": 1, "content_type": 10, "object_id": "5", "object_repr": "Hostel", "action_flag": 1, "change_message": "[{\"added\": {}}]"}}, {"model": "admin.logentry", "pk": 18, "fields": {"action_time": "2023-02-20T21:34:23.710Z", "user": 1, "content_type": 10, "object_id": "6", "object_repr": "CoWorker", "action_flag": 1, "change_message": "[{\"added\": {}}]"}}, {"model": "admin.logentry", "pk": 19, "fields": {"action_time": "2023-02-20T21:34:30.186Z", "user": 1, "content_type": 10, "object_id": "7", "object_repr": "B2B", "action_flag": 1, "change_message": "[{\"added\": {}}]"}}, {"model": "admin.logentry", "pk": 20, "fields": {"action_time": "2023-02-20T21:34:56.125Z", "user": 1, "content_type": 14, "object_id": "1", "object_repr": "Brindavan Colony", "action_flag": 1, "change_message": "[{\"added\": {}}]"}}, {"model": "admin.logentry", "pk": 21, "fields": {"action_time": "2023-02-20T21:35:05.870Z", "user": 1, "content_type": 14, "object_id": "2", "object_repr": "Shamshabad", "action_flag": 1, "change_message": "[{\"added\": {}}]"}}, {"model": "admin.logentry", "pk": 22, "fields": {"action_time": "2023-02-20T21:35:17.637Z", "user": 1, "content_type": 14, "object_id": "3", "object_repr": "Shadnagar", "action_flag": 1, "change_message": "[{\"added\": {}}]"}}, {"model": "admin.logentry", "pk": 23, "fields": {"action_time": "2023-02-20T21:35:25.892Z", "user": 1, "content_type": 14, "object_id": "4", "object_repr": "Shabad", "action_flag": 1, "change_message": "[{\"added\": {}}]"}}, {"model": "admin.logentry", "pk": 24, "fields": {"action_time": "2023-02-20T21:35:41.964Z", "user": 1, "content_type": 14, "object_id": "5", "object_repr": "Sadasiv[et", "action_flag": 1, "change_message": "[{\"added\": {}}]"}}, {"model": "admin.logentry", "pk": 25, "fields": {"action_time": "2023-02-20T21:35:52.020Z", "user": 1, "content_type": 15, "object_id": "1", "object_repr": "Sale", "action_flag": 1, "change_message": "[{\"added\": {}}]"}}, {"model": "admin.logentry", "pk": 26, "fields": {"action_time": "2023-02-20T21:35:56.367Z", "user": 1, "content_type": 15, "object_id": "2", "object_repr": "Buy", "action_flag": 1, "change_message": "[{\"added\": {}}]"}}, {"model": "admin.logentry", "pk": 27, "fields": {"action_time": "2023-02-20T21:36:00.604Z", "user": 1, "content_type": 15, "object_id": "3", "object_repr": "Rent", "action_flag": 1, "change_message": "[{\"added\": {}}]"}}, {"model": "admin.logentry", "pk": 28, "fields": {"action_time": "2023-02-20T21:36:05.142Z", "user": 1, "content_type": 15, "object_id": "4", "object_repr": "Wanted", "action_flag": 1, "change_message": "[{\"added\": {}}]"}}, {"model": "admin.logentry", "pk": 29, "fields": {"action_time": "2023-02-20T21:36:18.445Z", "user": 1, "content_type": 16, "object_id": "1", "object_repr": "Tolichowki", "action_flag": 1, "change_message": "[{\"added\": {}}]"}}, {"model": "admin.logentry", "pk": 30, "fields": {"action_time": "2023-02-20T21:36:30.087Z", "user": 1, "content_type": 16, "object_id": "2", "object_repr": "P and T colony", "action_flag": 1, "change_message": "[{\"added\": {}}]"}}, {"model": "admin.logentry", "pk": 31, "fields": {"action_time": "2023-02-22T14:15:14.541Z", "user": 1, "content_type": 18, "object_id": "19", "object_repr": "Jack", "action_flag": 2, "change_message": "[{\"changed\": {\"fields\": [\"Is fallowed\"]}}]"}}, {"model": "admin.logentry", "pk": 32, "fields": {"action_time": "2023-02-22T17:59:15.582Z", "user": 1, "content_type": 10, "object_id": "8", "object_repr": "Commercial", "action_flag": 1, "change_message": "[{\"added\": {}}]"}}, {"model": "admin.logentry", "pk": 33, "fields": {"action_time": "2023-02-22T17:59:23.526Z", "user": 1, "content_type": 10, "object_id": "9", "object_repr": "Shops", "action_flag": 1, "change_message": "[{\"added\": {}}]"}}, {"model": "admin.logentry", "pk": 34, "fields": {"action_time": "2023-02-23T11:34:48.716Z", "user": 1, "content_type": 18, "object_id": "22", "object_repr": "Khan", "action_flag": 2, "change_message": "[{\"changed\": {\"fields\": [\"Is fallowed\"]}}]"}}, {"model": "admin.logentry", "pk": 35, "fields": {"action_time": "2023-02-24T19:41:41.120Z", "user": 1, "content_type": 18, "object_id": "24", "object_repr": "ayaan", "action_flag": 2, "change_message": "[{\"changed\": {\"fields\": [\"Is fallowed\"]}}]"}}, {"model": "auth.permission", "pk": 1, "fields": {"name": "Can add log entry", "content_type": 1, "codename": "add_logentry"}}, {"model": "auth.permission", "pk": 2, "fields": {"name": "Can change log entry", "content_type": 1, "codename": "change_logentry"}}, {"model": "auth.permission", "pk": 3, "fields": {"name": "Can delete log entry", "content_type": 1, "codename": "delete_logentry"}}, {"model": "auth.permission", "pk": 4, "fields": {"name": "Can view log entry", "content_type": 1, "codename": "view_logentry"}}, {"model": "auth.permission", "pk": 5, "fields": {"name": "Can add permission", "content_type": 2, "codename": "add_permission"}}, {"model": "auth.permission", "pk": 6, "fields": {"name": "Can change permission", "content_type": 2, "codename": "change_permission"}}, {"model": "auth.permission", "pk": 7, "fields": {"name": "Can delete permission", "content_type": 2, "codename": "delete_permission"}}, {"model": "auth.permission", "pk": 8, "fields": {"name": "Can view permission", "content_type": 2, "codename": "view_permission"}}, {"model": "auth.permission", "pk": 9, "fields": {"name": "Can add group", "content_type": 3, "codename": "add_group"}}, {"model": "auth.permission", "pk": 10, "fields": {"name": "Can change group", "content_type": 3, "codename": "change_group"}}, {"model": "auth.permission", "pk": 11, "fields": {"name": "Can delete group", "content_type": 3, "codename": "delete_group"}}, {"model": "auth.permission", "pk": 12, "fields": {"name": "Can view group", "content_type": 3, "codename": "view_group"}}, {"model": "auth.permission", "pk": 13, "fields": {"name": "Can add content type", "content_type": 4, "codename": "add_contenttype"}}, {"model": "auth.permission", "pk": 14, "fields": {"name": "Can change content type", "content_type": 4, "codename": "change_contenttype"}}, {"model": "auth.permission", "pk": 15, "fields": {"name": "Can delete content type", "content_type": 4, "codename": "delete_contenttype"}}, {"model": "auth.permission", "pk": 16, "fields": {"name": "Can view content type", "content_type": 4, "codename": "view_contenttype"}}, {"model": "auth.permission", "pk": 17, "fields": {"name": "Can add session", "content_type": 5, "codename": "add_session"}}, {"model": "auth.permission", "pk": 18, "fields": {"name": "Can change session", "content_type": 5, "codename": "change_session"}}, {"model": "auth.permission", "pk": 19, "fields": {"name": "Can delete session", "content_type": 5, "codename": "delete_session"}}, {"model": "auth.permission", "pk": 20, "fields": {"name": "Can view session", "content_type": 5, "codename": "view_session"}}, {"model": "auth.permission", "pk": 21, "fields": {"name": "Can add kv store", "content_type": 6, "codename": "add_kvstore"}}, {"model": "auth.permission", "pk": 22, "fields": {"name": "Can change kv store", "content_type": 6, "codename": "change_kvstore"}}, {"model": "auth.permission", "pk": 23, "fields": {"name": "Can delete kv store", "content_type": 6, "codename": "delete_kvstore"}}, {"model": "auth.permission", "pk": 24, "fields": {"name": "Can view kv store", "content_type": 6, "codename": "view_kvstore"}}, {"model": "auth.permission", "pk": 25, "fields": {"name": "Can add user", "content_type": 7, "codename": "add_user"}}, {"model": "auth.permission", "pk": 26, "fields": {"name": "Can change user", "content_type": 7, "codename": "change_user"}}, {"model": "auth.permission", "pk": 27, "fields": {"name": "Can delete user", "content_type": 7, "codename": "delete_user"}}, {"model": "auth.permission", "pk": 28, "fields": {"name": "Can view user", "content_type": 7, "codename": "view_user"}}, {"model": "auth.permission", "pk": 29, "fields": {"name": "Can add user profile", "content_type": 8, "codename": "add_userprofile"}}, {"model": "auth.permission", "pk": 30, "fields": {"name": "Can change user profile", "content_type": 8, "codename": "change_userprofile"}}, {"model": "auth.permission", "pk": 31, "fields": {"name": "Can delete user profile", "content_type": 8, "codename": "delete_userprofile"}}, {"model": "auth.permission", "pk": 32, "fields": {"name": "Can view user profile", "content_type": 8, "codename": "view_userprofile"}}, {"model": "auth.permission", "pk": 33, "fields": {"name": "Can add contactus", "content_type": 9, "codename": "add_contactus"}}, {"model": "auth.permission", "pk": 34, "fields": {"name": "Can change contactus", "content_type": 9, "codename": "change_contactus"}}, {"model": "auth.permission", "pk": 35, "fields": {"name": "Can delete contactus", "content_type": 9, "codename": "delete_contactus"}}, {"model": "auth.permission", "pk": 36, "fields": {"name": "Can view contactus", "content_type": 9, "codename": "view_contactus"}}, {"model": "auth.permission", "pk": 37, "fields": {"name": "Can add category", "content_type": 10, "codename": "add_category"}}, {"model": "auth.permission", "pk": 38, "fields": {"name": "Can change category", "content_type": 10, "codename": "change_category"}}, {"model": "auth.permission", "pk": 39, "fields": {"name": "Can delete category", "content_type": 10, "codename": "delete_category"}}, {"model": "auth.permission", "pk": 40, "fields": {"name": "Can view category", "content_type": 10, "codename": "view_category"}}, {"model": "auth.permission", "pk": 41, "fields": {"name": "Can add city code", "content_type": 11, "codename": "add_citycode"}}, {"model": "auth.permission", "pk": 42, "fields": {"name": "Can change city code", "content_type": 11, "codename": "change_citycode"}}, {"model": "auth.permission", "pk": 43, "fields": {"name": "Can delete city code", "content_type": 11, "codename": "delete_citycode"}}, {"model": "auth.permission", "pk": 44, "fields": {"name": "Can view city code", "content_type": 11, "codename": "view_citycode"}}, {"model": "auth.permission", "pk": 45, "fields": {"name": "Can add countrycode", "content_type": 12, "codename": "add_countrycode"}}, {"model": "auth.permission", "pk": 46, "fields": {"name": "Can change countrycode", "content_type": 12, "codename": "change_countrycode"}}, {"model": "auth.permission", "pk": 47, "fields": {"name": "Can delete countrycode", "content_type": 12, "codename": "delete_countrycode"}}, {"model": "auth.permission", "pk": 48, "fields": {"name": "Can view countrycode", "content_type": 12, "codename": "view_countrycode"}}, {"model": "auth.permission", "pk": 49, "fields": {"name": "Can add expatad", "content_type": 13, "codename": "add_expatad"}}, {"model": "auth.permission", "pk": 50, "fields": {"name": "Can change expatad", "content_type": 13, "codename": "change_expatad"}}, {"model": "auth.permission", "pk": 51, "fields": {"name": "Can delete expatad", "content_type": 13, "codename": "delete_expatad"}}, {"model": "auth.permission", "pk": 52, "fields": {"name": "Can view expatad", "content_type": 13, "codename": "view_expatad"}}, {"model": "auth.permission", "pk": 53, "fields": {"name": "Can add location code", "content_type": 14, "codename": "add_locationcode"}}, {"model": "auth.permission", "pk": 54, "fields": {"name": "Can change location code", "content_type": 14, "codename": "change_locationcode"}}, {"model": "auth.permission", "pk": 55, "fields": {"name": "Can delete location code", "content_type": 14, "codename": "delete_locationcode"}}, {"model": "auth.permission", "pk": 56, "fields": {"name": "Can view location code", "content_type": 14, "codename": "view_locationcode"}}, {"model": "auth.permission", "pk": 57, "fields": {"name": "Can add purpose", "content_type": 15, "codename": "add_purpose"}}, {"model": "auth.permission", "pk": 58, "fields": {"name": "Can change purpose", "content_type": 15, "codename": "change_purpose"}}, {"model": "auth.permission", "pk": 59, "fields": {"name": "Can delete purpose", "content_type": 15, "codename": "delete_purpose"}}, {"model": "auth.permission", "pk": 60, "fields": {"name": "Can view purpose", "content_type": 15, "codename": "view_purpose"}}, {"model": "auth.permission", "pk": 61, "fields": {"name": "Can add sub location code", "content_type": 16, "codename": "add_sublocationcode"}}, {"model": "auth.permission", "pk": 62, "fields": {"name": "Can change sub location code", "content_type": 16, "codename": "change_sublocationcode"}}, {"model": "auth.permission", "pk": 63, "fields": {"name": "Can delete sub location code", "content_type": 16, "codename": "delete_sublocationcode"}}, {"model": "auth.permission", "pk": 64, "fields": {"name": "Can view sub location code", "content_type": 16, "codename": "view_sublocationcode"}}, {"model": "auth.permission", "pk": 65, "fields": {"name": "Can add expat image", "content_type": 17, "codename": "add_expatimage"}}, {"model": "auth.permission", "pk": 66, "fields": {"name": "Can change expat image", "content_type": 17, "codename": "change_expatimage"}}, {"model": "auth.permission", "pk": 67, "fields": {"name": "Can delete expat image", "content_type": 17, "codename": "delete_expatimage"}}, {"model": "auth.permission", "pk": 68, "fields": {"name": "Can view expat image", "content_type": 17, "codename": "view_expatimage"}}, {"model": "auth.permission", "pk": 69, "fields": {"name": "Can add contactme", "content_type": 18, "codename": "add_contactme"}}, {"model": "auth.permission", "pk": 70, "fields": {"name": "Can change contactme", "content_type": 18, "codename": "change_contactme"}}, {"model": "auth.permission", "pk": 71, "fields": {"name": "Can delete contactme", "content_type": 18, "codename": "delete_contactme"}}, {"model": "auth.permission", "pk": 72, "fields": {"name": "Can view contactme", "content_type": 18, "codename": "view_contactme"}}, {"model": "auth.permission", "pk": 73, "fields": {"name": "Can add vendor", "content_type": 19, "codename": "add_vendor"}}, {"model": "auth.permission", "pk": 74, "fields": {"name": "Can change vendor", "content_type": 19, "codename": "change_vendor"}}, {"model": "auth.permission", "pk": 75, "fields": {"name": "Can delete vendor", "content_type": 19, "codename": "delete_vendor"}}, {"model": "auth.permission", "pk": 76, "fields": {"name": "Can view vendor", "content_type": 19, "codename": "view_vendor"}}, {"model": "auth.permission", "pk": 77, "fields": {"name": "Can add opening hour", "content_type": 20, "codename": "add_openinghour"}}, {"model": "auth.permission", "pk": 78, "fields": {"name": "Can change opening hour", "content_type": 20, "codename": "change_openinghour"}}, {"model": "auth.permission", "pk": 79, "fields": {"name": "Can delete opening hour", "content_type": 20, "codename": "delete_openinghour"}}, {"model": "auth.permission", "pk": 80, "fields": {"name": "Can view opening hour", "content_type": 20, "codename": "view_openinghour"}}, {"model": "auth.permission", "pk": 81, "fields": {"name": "Can add interested", "content_type": 21, "codename": "add_interested"}}, {"model": "auth.permission", "pk": 82, "fields": {"name": "Can change interested", "content_type": 21, "codename": "change_interested"}}, {"model": "auth.permission", "pk": 83, "fields": {"name": "Can delete interested", "content_type": 21, "codename": "delete_interested"}}, {"model": "auth.permission", "pk": 84, "fields": {"name": "Can view interested", "content_type": 21, "codename": "view_interested"}}, {"model": "contenttypes.contenttype", "pk": 1, "fields": {"app_label": "admin", "model": "logentry"}}, {"model": "contenttypes.contenttype", "pk": 2, "fields": {"app_label": "auth", "model": "permission"}}, {"model": "contenttypes.contenttype", "pk": 3, "fields": {"app_label": "auth", "model": "group"}}, {"model": "contenttypes.contenttype", "pk": 4, "fields": {"app_label": "contenttypes", "model": "contenttype"}}, {"model": "contenttypes.contenttype", "pk": 5, "fields": {"app_label": "sessions", "model": "session"}}, {"model": "contenttypes.contenttype", "pk": 6, "fields": {"app_label": "thumbnail", "model": "kvstore"}}, {"model": "contenttypes.contenttype", "pk": 7, "fields": {"app_label": "accounts", "model": "user"}}, {"model": "contenttypes.contenttype", "pk": 8, "fields": {"app_label": "accounts", "model": "userprofile"}}, {"model": "contenttypes.contenttype", "pk": 9, "fields": {"app_label": "accounts", "model": "contactus"}}, {"model": "contenttypes.contenttype", "pk": 10, "fields": {"app_label": "expads", "model": "category"}}, {"model": "contenttypes.contenttype", "pk": 11, "fields": {"app_label": "expads", "model": "citycode"}}, {"model": "contenttypes.contenttype", "pk": 12, "fields": {"app_label": "expads", "model": "countrycode"}}, {"model": "contenttypes.contenttype", "pk": 13, "fields": {"app_label": "expads", "model": "expatad"}}, {"model": "contenttypes.contenttype", "pk": 14, "fields": {"app_label": "expads", "model": "locationcode"}}, {"model": "contenttypes.contenttype", "pk": 15, "fields": {"app_label": "expads", "model": "purpose"}}, {"model": "contenttypes.contenttype", "pk": 16, "fields": {"app_label": "expads", "model": "sublocationcode"}}, {"model": "contenttypes.contenttype", "pk": 17, "fields": {"app_label": "expads", "model": "expatimage"}}, {"model": "contenttypes.contenttype", "pk": 18, "fields": {"app_label": "expads", "model": "contactme"}}, {"model": "contenttypes.contenttype", "pk": 19, "fields": {"app_label": "vendor", "model": "vendor"}}, {"model": "contenttypes.contenttype", "pk": 20, "fields": {"app_label": "vendor", "model": "openinghour"}}, {"model": "contenttypes.contenttype", "pk": 21, "fields": {"app_label": "expads", "model": "interested"}}, {"model": "sessions.session", "pk": "ujluou5l2fysv2rfbn3tcqdu5k2dvlr8", "fields": {"session_data": ".eJxVjMEOwiAQRP-FsyEs26XUo3e_gSywStXQpLQn47_bJj3oZQ7z3sxbBV6XEtYmcxizOitQp98ucnpK3UF-cL1POk11mceod0UftOnrlOV1Ody_g8KtbOvBoc9kEYWJ-86iBxsZMBnZgm_AmBIQetc754wzAFk8EcFAZKRTny-6JTZs:1pVd2o:tU4Hk5t39yoip23N-LY1uUh6sqJCUla4zPX1ppwc44I", "expire_date": "2023-03-10T18:43:46.647Z"}}, {"model": "thumbnail.kvstore", "pk": "sorl-thumbnail||image||04057a3d7ded04f916b7dc257993fb66", "fields": {"value": "{\"name\": \"cache/9c/66/9c66ade82073c240ebd1b429ec095aeb.jpg\", \"storage\": \"django.core.files.storage.FileSystemStorage\", \"size\": [100, 100]}"}}, {"model": "thumbnail.kvstore", "pk": "sorl-thumbnail||image||09b3a147cdfcd9c7fec20df37ce14fd5", "fields": {"value": "{\"name\": \"users/images/WhatsApp_Image_2023-01-31_at_22.50.33_UZRrEHW.jpeg\", \"storage\": \"django.core.files.storage.FileSystemStorage\", \"size\": [1600, 1200]}"}}, {"model": "thumbnail.kvstore", "pk": "sorl-thumbnail||image||0b34ccc886c7d260736ee936db98b459", "fields": {"value": "{\"name\": \"users/images/WhatsApp_Image_2023-01-31_at_22.50.33_1_Ok3vZrD.jpeg\", \"storage\": \"django.core.files.storage.FileSystemStorage\", \"size\": [1600, 1200]}"}}, {"model": "thumbnail.kvstore", "pk": "sorl-thumbnail||image||0d42eb1cefe5849501366af8b1a730ff", "fields": {"value": "{\"name\": \"users/images/WhatsApp_Image_2023-01-31_at_22.50.33_1_kfB0UA6.jpeg\", \"storage\": \"django.core.files.storage.FileSystemStorage\", \"size\": [1600, 1200]}"}}, {"model": "thumbnail.kvstore", "pk": "sorl-thumbnail||image||0e50feda9969398a44fa9fc1a92d2173", "fields": {"value": "{\"name\": \"cache/64/10/64105a179ff90e684c2dfaab9af7433c.jpg\", \"storage\": \"django.core.files.storage.FileSystemStorage\", \"size\": [100, 100]}"}}, {"model": "thumbnail.kvstore", "pk": "sorl-thumbnail||image||13fc38d26390806a62be14b099a8a1b0", "fields": {"value": "{\"name\": \"users/images/WhatsApp_Image_2023-01-31_at_22.50.32_vmcOK3h.jpeg\", \"storage\": \"django.core.files.storage.FileSystemStorage\", \"size\": [1600, 1200]}"}}, {"model": "thumbnail.kvstore", "pk": "sorl-thumbnail||image||1486534d666abcadf553006ed00fe9a4", "fields": {"value": "{\"name\": \"cache/59/ef/59ef0600998dbb7dd15cdfaa60678733.jpg\", \"storage\": \"django.core.files.storage.FileSystemStorage\", \"size\": [100, 100]}"}}, {"model": "thumbnail.kvstore", "pk": "sorl-thumbnail||image||1685e9ea33c106e62d3e9816520ecc86", "fields": {"value": "{\"name\": \"cache/84/7c/847c4629b12889e0e8ead027f682ab72.jpg\", \"storage\": \"django.core.files.storage.FileSystemStorage\", \"size\": [100, 100]}"}}, {"model": "thumbnail.kvstore", "pk": "sorl-thumbnail||image||1a096cbf46b670a5a74f1625262ff1ac", "fields": {"value": "{\"name\": \"users/images/l1_2ARtb5f.jpg\", \"storage\": \"django.core.files.storage.FileSystemStorage\", \"size\": [222, 167]}"}}, {"model": "thumbnail.kvstore", "pk": "sorl-thumbnail||image||1b20e41907e351e17ef388be7ce2fe10", "fields": {"value": "{\"name\": \"users/images/Picture2.jpeg\", \"storage\": \"django.core.files.storage.FileSystemStorage\", \"size\": [1156, 520]}"}}, {"model": "thumbnail.kvstore", "pk": "sorl-thumbnail||image||1c0379df70f66fc0f37ec2da8c2a703c", "fields": {"value": "{\"name\": \"users/images/p10.jpg\", \"storage\": \"django.core.files.storage.FileSystemStorage\", \"size\": [293, 172]}"}}, {"model": "thumbnail.kvstore", "pk": "sorl-thumbnail||image||1ccad9a37ca7e1ddd4bf93dc5b4696d0", "fields": {"value": "{\"name\": \"cache/ed/80/ed803884ef01591a5cd7144c7ac54241.jpg\", \"storage\": \"django.core.files.storage.FileSystemStorage\", \"size\": [100, 100]}"}}, {"model": "thumbnail.kvstore", "pk": "sorl-thumbnail||image||21985958f5822b2776899ff8ea788f1f", "fields": {"value": "{\"name\": \"users/images/ShaadNagar5.jpeg\", \"storage\": \"django.core.files.storage.FileSystemStorage\", \"size\": [1599, 1200]}"}}, {"model": "thumbnail.kvstore", "pk": "sorl-thumbnail||image||2b7ac3f6d7e2f37dc3b1a1146faacdfa", "fields": {"value": "{\"name\": \"cache/bd/c5/bdc57fee8de49018e66e3cc83a55ba94.jpg\", \"storage\": \"django.core.files.storage.FileSystemStorage\", \"size\": [100, 100]}"}}, {"model": "thumbnail.kvstore", "pk": "sorl-thumbnail||image||2bdaaa3ac08bb4a9946c2036a0110312", "fields": {"value": "{\"name\": \"users/images/Picture5.jpeg\", \"storage\": \"django.core.files.storage.FileSystemStorage\", \"size\": [1280, 960]}"}}, {"model": "thumbnail.kvstore", "pk": "sorl-thumbnail||image||37a69cf4c0789e1eb13890100119c2c4", "fields": {"value": "{\"name\": \"cache/6a/d8/6ad89512cd5a2192a146c08c05e453ce.jpg\", \"storage\": \"django.core.files.storage.FileSystemStorage\", \"size\": [100, 100]}"}}, {"model": "thumbnail.kvstore", "pk": "sorl-thumbnail||image||3b5a4abacc1a1d889ab104ff78a08699", "fields": {"value": "{\"name\": \"cache/b2/f6/b2f62b705ae0c807be51d1d869bedb26.jpg\", \"storage\": \"django.core.files.storage.FileSystemStorage\", \"size\": [100, 100]}"}}, {"model": "thumbnail.kvstore", "pk": "sorl-thumbnail||image||48eed386a01208fefde31383475025f2", "fields": {"value": "{\"name\": \"cache/f6/6a/f66a9ad5beb1d37e748f230dc5e7c5ef.jpg\", \"storage\": \"django.core.files.storage.FileSystemStorage\", \"size\": [100, 100]}"}}, {"model": "thumbnail.kvstore", "pk": "sorl-thumbnail||image||4ead9f9724c4bc7ace3c3fe3e42084be", "fields": {"value": "{\"name\": \"users/images/WhatsApp_Image_2022-12-26_at_17.56.52.jpeg\", \"storage\": \"django.core.files.storage.FileSystemStorage\", \"size\": [1024, 768]}"}}, {"model": "thumbnail.kvstore", "pk": "sorl-thumbnail||image||510da28e9251cab6457da120a6ab356b", "fields": {"value": "{\"name\": \"cache/80/c8/80c899f92b0b8102a5edb7b94540d2c7.jpg\", \"storage\": \"django.core.files.storage.FileSystemStorage\", \"size\": [100, 100]}"}}, {"model": "thumbnail.kvstore", "pk": "sorl-thumbnail||image||5953e82037cc467058e1988b822553f5", "fields": {"value": "{\"name\": \"cache/87/ad/87ad30e15940183091281a03ba6bfab2.jpg\", \"storage\": \"django.core.files.storage.FileSystemStorage\", \"size\": [100, 100]}"}}, {"model": "thumbnail.kvstore", "pk": "sorl-thumbnail||image||5ba713c0e63e7461a4408a1171d5a426", "fields": {"value": "{\"name\": \"users/images/WhatsApp_Image_2023-01-31_at_22.50.31.jpeg\", \"storage\": \"django.core.files.storage.FileSystemStorage\", \"size\": [1600, 1200]}"}}, {"model": "thumbnail.kvstore", "pk": "sorl-thumbnail||image||5d263ca0daf6c51464fab482034955ba", "fields": {"value": "{\"name\": \"cache/ae/77/ae77b9d52af27e5baf76e47c3bfd5daf.jpg\", \"storage\": \"django.core.files.storage.FileSystemStorage\", \"size\": [100, 100]}"}}, {"model": "thumbnail.kvstore", "pk": "sorl-thumbnail||image||63ede08bc33fc553fc297730def91f27", "fields": {"value": "{\"name\": \"cache/43/dd/43dd1aa83ca4ae2fb2656f828740639a.jpg\", \"storage\": \"django.core.files.storage.FileSystemStorage\", \"size\": [100, 100]}"}}, {"model": "thumbnail.kvstore", "pk": "sorl-thumbnail||image||66874cdfd3d255879edf1ee65d12c5fc", "fields": {"value": "{\"name\": \"users/images/Picture5_iQJRCIy.jpeg\", \"storage\": \"django.core.files.storage.FileSystemStorage\", \"size\": [1280, 960]}"}}, {"model": "thumbnail.kvstore", "pk": "sorl-thumbnail||image||6b1502e1f1d930046e4a1b87466b4cc0", "fields": {"value": "{\"name\": \"users/images/Picture0.jpeg\", \"storage\": \"django.core.files.storage.FileSystemStorage\", \"size\": [1600, 721]}"}}, {"model": "thumbnail.kvstore", "pk": "sorl-thumbnail||image||6e755cff912ae6daf8ee6003e9702865", "fields": {"value": "{\"name\": \"users/images/p6_6aCx66f.jpg\", \"storage\": \"django.core.files.storage.FileSystemStorage\", \"size\": [300, 168]}"}}, {"model": "thumbnail.kvstore", "pk": "sorl-thumbnail||image||6fb8f522a0578bbf0bf45e43ea02f867", "fields": {"value": "{\"name\": \"users/images/WhatsApp_Image_2023-01-31_at_22.50.32_1.jpeg\", \"storage\": \"django.core.files.storage.FileSystemStorage\", \"size\": [1600, 1200]}"}}, {"model": "thumbnail.kvstore", "pk": "sorl-thumbnail||image||73f9da28c330ea3487bf8c66d64d2db1", "fields": {"value": "{\"name\": \"users/images/HMDA_SHAADNAGAR.jpg\", \"storage\": \"django.core.files.storage.FileSystemStorage\", \"size\": [719, 843]}"}}, {"model": "thumbnail.kvstore", "pk": "sorl-thumbnail||image||7b2ab8e6384884b6195713c43493f855", "fields": {"value": "{\"name\": \"users/images/p7_47C6mjv.jpg\", \"storage\": \"django.core.files.storage.FileSystemStorage\", \"size\": [226, 223]}"}}, {"model": "thumbnail.kvstore", "pk": "sorl-thumbnail||image||84cb4c304e67082382b1818ca31dbe80", "fields": {"value": "{\"name\": \"users/images/WhatsApp_Image_2022-12-26_at_17.56.51_LSujh5h.jpeg\", \"storage\": \"django.core.files.storage.FileSystemStorage\", \"size\": [1024, 768]}"}}, {"model": "thumbnail.kvstore", "pk": "sorl-thumbnail||image||85aa4cc884d8bc8ff7537436211ac1eb", "fields": {"value": "{\"name\": \"cache/30/b8/30b88ccd02f43654e396ab8263a8f69c.jpg\", \"storage\": \"django.core.files.storage.FileSystemStorage\", \"size\": [100, 100]}"}}, {"model": "thumbnail.kvstore", "pk": "sorl-thumbnail||image||8980fd4517445e4058dd5ff10f61d3e4", "fields": {"value": "{\"name\": \"users/images/DONT.jpg\", \"storage\": \"django.core.files.storage.FileSystemStorage\", \"size\": [718, 748]}"}}, {"model": "thumbnail.kvstore", "pk": "sorl-thumbnail||image||89afc147ddadfb88ef60ad29b2b7ebfc", "fields": {"value": "{\"name\": \"cache/70/e3/70e3585f9f03a4a1619e1add0eebc5e4.jpg\", \"storage\": \"django.core.files.storage.FileSystemStorage\", \"size\": [100, 100]}"}}, {"model": "thumbnail.kvstore", "pk": "sorl-thumbnail||image||9cf041ca51e22b22245721729ae76f14", "fields": {"value": "{\"name\": \"cache/52/eb/52ebae4dbde60f6261883970dc1889ef.jpg\", \"storage\": \"django.core.files.storage.FileSystemStorage\", \"size\": [100, 100]}"}}, {"model": "thumbnail.kvstore", "pk": "sorl-thumbnail||image||9cf3fbcbfcba81dd549546cc99e74ec2", "fields": {"value": "{\"name\": \"cache/50/f0/50f0c8e5ccb702b956965f38ba679f61.jpg\", \"storage\": \"django.core.files.storage.FileSystemStorage\", \"size\": [100, 100]}"}}, {"model": "thumbnail.kvstore", "pk": "sorl-thumbnail||image||a1242f025c23a29debbbba4ccdbaa8ed", "fields": {"value": "{\"name\": \"users/images/p1_dgHjcPr.jpg\", \"storage\": \"django.core.files.storage.FileSystemStorage\", \"size\": [259, 194]}"}}, {"model": "thumbnail.kvstore", "pk": "sorl-thumbnail||image||a2e468a1d4f340fb3e0f11818c2d3f77", "fields": {"value": "{\"name\": \"cache/e8/7f/e87f41b963061975b9c12fa1756a3a10.jpg\", \"storage\": \"django.core.files.storage.FileSystemStorage\", \"size\": [100, 100]}"}}, {"model": "thumbnail.kvstore", "pk": "sorl-thumbnail||image||a3273d532418539a3546327476215faf", "fields": {"value": "{\"name\": \"cache/42/1a/421aad61c40a9b30e27ef68afa98ce55.jpg\", \"storage\": \"django.core.files.storage.FileSystemStorage\", \"size\": [100, 100]}"}}, {"model": "thumbnail.kvstore", "pk": "sorl-thumbnail||image||a5e46a14521b26abfe5651f1046fe1d4", "fields": {"value": "{\"name\": \"users/images/hh10_SMDr94Y.jpg\", \"storage\": \"django.core.files.storage.FileSystemStorage\", \"size\": [259, 194]}"}}, {"model": "thumbnail.kvstore", "pk": "sorl-thumbnail||image||a787f6304677bd9a38f919be200876b9", "fields": {"value": "{\"name\": \"cache/58/0c/580c6536a5b582146111a433603564b8.jpg\", \"storage\": \"django.core.files.storage.FileSystemStorage\", \"size\": [100, 100]}"}}, {"model": "thumbnail.kvstore", "pk": "sorl-thumbnail||image||a91442626b4d252700c7b0dccf18219e", "fields": {"value": "{\"name\": \"cache/ff/3c/ff3c7208b29711e7b40f396fb6abf37a.jpg\", \"storage\": \"django.core.files.storage.FileSystemStorage\", \"size\": [100, 100]}"}}, {"model": "thumbnail.kvstore", "pk": "sorl-thumbnail||image||b0bb9e886a89589504f98e4b1464f28d", "fields": {"value": "{\"name\": \"users/images/ShaadNagar2.jpeg\", \"storage\": \"django.core.files.storage.FileSystemStorage\", \"size\": [1600, 1200]}"}}, {"model": "thumbnail.kvstore", "pk": "sorl-thumbnail||image||b26092753203aa428350b68f40529dd6", "fields": {"value": "{\"name\": \"users/images/Project_Developments.png\", \"storage\": \"django.core.files.storage.FileSystemStorage\", \"size\": [1187, 743]}"}}, {"model": "thumbnail.kvstore", "pk": "sorl-thumbnail||image||b4350ee04a6c4b3fd3fdd5412cd127f1", "fields": {"value": "{\"name\": \"cache/5f/31/5f3127cd7a8a3c739807df07728e0f64.jpg\", \"storage\": \"django.core.files.storage.FileSystemStorage\", \"size\": [100, 100]}"}}, {"model": "thumbnail.kvstore", "pk": "sorl-thumbnail||image||bfda55ed6eed21ee0a627e429b7d4af1", "fields": {"value": "{\"name\": \"users/images/WhatsApp_Image_2023-01-31_at_22.50.34_1_K7dzAg5.jpeg\", \"storage\": \"django.core.files.storage.FileSystemStorage\", \"size\": [1600, 1200]}"}}, {"model": "thumbnail.kvstore", "pk": "sorl-thumbnail||image||c3626892c832547f735cc126698c0de2", "fields": {"value": "{\"name\": \"users/images/WhatsApp_Image_2022-12-26_at_17.56.52_swzygrS.jpeg\", \"storage\": \"django.core.files.storage.FileSystemStorage\", \"size\": [1024, 768]}"}}, {"model": "thumbnail.kvstore", "pk": "sorl-thumbnail||image||c4160e888076738eb421bd7221220e40", "fields": {"value": "{\"name\": \"cache/a6/9b/a69ba48e6d0e257de66c5ac005477be7.jpg\", \"storage\": \"django.core.files.storage.FileSystemStorage\", \"size\": [100, 100]}"}}, {"model": "thumbnail.kvstore", "pk": "sorl-thumbnail||image||c7fd6cef484d18955c202a73a08d0b69", "fields": {"value": "{\"name\": \"cache/53/ef/53ef302b75818ff6ab45b4e16af084f9.jpg\", \"storage\": \"django.core.files.storage.FileSystemStorage\", \"size\": [100, 100]}"}}, {"model": "thumbnail.kvstore", "pk": "sorl-thumbnail||image||c8874a174f7cdbed409e0fd7ec70f935", "fields": {"value": "{\"name\": \"users/images/ShaadNagar1.jpeg\", \"storage\": \"django.core.files.storage.FileSystemStorage\", \"size\": [1600, 1200]}"}}, {"model": "thumbnail.kvstore", "pk": "sorl-thumbnail||image||c8b37def19cf6286a402daf233888ad1", "fields": {"value": "{\"name\": \"users/images/p4.jpg\", \"storage\": \"django.core.files.storage.FileSystemStorage\", \"size\": [275, 183]}"}}, {"model": "thumbnail.kvstore", "pk": "sorl-thumbnail||image||cee71c4817ce46a700e44fb4c136c5ce", "fields": {"value": "{\"name\": \"cache/24/6a/246add2675f358db586dd4505858125e.jpg\", \"storage\": \"django.core.files.storage.FileSystemStorage\", \"size\": [100, 100]}"}}, {"model": "thumbnail.kvstore", "pk": "sorl-thumbnail||image||d1709e0d4c12872498a29960ca844e00", "fields": {"value": "{\"name\": \"users/images/WhatsApp_Image_2022-12-26_at_17.56.51.jpeg\", \"storage\": \"django.core.files.storage.FileSystemStorage\", \"size\": [1024, 768]}"}}, {"model": "thumbnail.kvstore", "pk": "sorl-thumbnail||image||d39a0705fca9896ef6daeb73418e8de5", "fields": {"value": "{\"name\": \"users/images/p3.jpg\", \"storage\": \"django.core.files.storage.FileSystemStorage\", \"size\": [275, 183]}"}}, {"model": "thumbnail.kvstore", "pk": "sorl-thumbnail||image||d91158142fc5e90b11926d3e2b3482fb", "fields": {"value": "{\"name\": \"cache/ef/5f/ef5f66bc95a5fae8c1b2d55be49f3e2a.jpg\", \"storage\": \"django.core.files.storage.FileSystemStorage\", \"size\": [100, 100]}"}}, {"model": "thumbnail.kvstore", "pk": "sorl-thumbnail||image||d93198cddf8c867ca7ea80a3757311c5", "fields": {"value": "{\"name\": \"users/images/p9.jpg\", \"storage\": \"django.core.files.storage.FileSystemStorage\", \"size\": [324, 155]}"}}, {"model": "thumbnail.kvstore", "pk": "sorl-thumbnail||image||dc3f114c054e82e2f67e388216d06a7c", "fields": {"value": "{\"name\": \"cache/3e/b0/3eb080d015ecaf9de5c7dfb187c72976.jpg\", \"storage\": \"django.core.files.storage.FileSystemStorage\", \"size\": [100, 100]}"}}, {"model": "thumbnail.kvstore", "pk": "sorl-thumbnail||image||e6b4785b77be24a04145d5cdeacdc20e", "fields": {"value": "{\"name\": \"cache/37/41/3741b34268bda75d8d46024a7138f7f6.jpg\", \"storage\": \"django.core.files.storage.FileSystemStorage\", \"size\": [100, 100]}"}}, {"model": "thumbnail.kvstore", "pk": "sorl-thumbnail||image||e9704ed06d00e774ab081f2b3e987961", "fields": {"value": "{\"name\": \"cache/26/c2/26c2267b82a34d27bf1444b890711485.jpg\", \"storage\": \"django.core.files.storage.FileSystemStorage\", \"size\": [100, 100]}"}}, {"model": "thumbnail.kvstore", "pk": "sorl-thumbnail||image||ea308e59c661ec33e219d917b3d2fbae", "fields": {"value": "{\"name\": \"cache/5d/b8/5db82260e3109d9700783ee179f2e2dd.jpg\", \"storage\": \"django.core.files.storage.FileSystemStorage\", \"size\": [100, 100]}"}}, {"model": "thumbnail.kvstore", "pk": "sorl-thumbnail||image||ebae05c0d580bc9004c014b501c04b8f", "fields": {"value": "{\"name\": \"cache/b0/45/b0456930fd301a0517d3d431c486f2f3.jpg\", \"storage\": \"django.core.files.storage.FileSystemStorage\", \"size\": [100, 100]}"}}, {"model": "thumbnail.kvstore", "pk": "sorl-thumbnail||image||f4ecc480be6f7f9f2900411c2e0341a8", "fields": {"value": "{\"name\": \"cache/59/28/5928ddd0a966913c3d449d94b7a54d5d.jpg\", \"storage\": \"django.core.files.storage.FileSystemStorage\", \"size\": [100, 100]}"}}, {"model": "thumbnail.kvstore", "pk": "sorl-thumbnail||image||f590a0611c0c245a98e1194b54c8fe8a", "fields": {"value": "{\"name\": \"users/images/Picture4.jpeg\", \"storage\": \"django.core.files.storage.FileSystemStorage\", \"size\": [1280, 960]}"}}, {"model": "thumbnail.kvstore", "pk": "sorl-thumbnail||image||f7add8730d317f645dbb77f7d9a63dba", "fields": {"value": "{\"name\": \"users/images/h7.jpg\", \"storage\": \"django.core.files.storage.FileSystemStorage\", \"size\": [260, 194]}"}}, {"model": "thumbnail.kvstore", "pk": "sorl-thumbnail||image||fa15994261eae4f11be1fb3a9a85a1dd", "fields": {"value": "{\"name\": \"users/images/Sadashiv_Bombay_Highway_Projects.png\", \"storage\": \"django.core.files.storage.FileSystemStorage\", \"size\": [1697, 748]}"}}, {"model": "thumbnail.kvstore", "pk": "sorl-thumbnail||image||fae17f00be10c1ca7a8e2a8e4083bfca", "fields": {"value": "{\"name\": \"cache/75/e9/75e91d6e41af896c30c46a8765146b31.jpg\", \"storage\": \"django.core.files.storage.FileSystemStorage\", \"size\": [100, 100]}"}}, {"model": "thumbnail.kvstore", "pk": "sorl-thumbnail||image||fc35b459efd6874b95da98bd11e1cfd9", "fields": {"value": "{\"name\": \"cache/84/01/84016ee4329d58bd72f5a077f89e35c6.jpg\", \"storage\": \"django.core.files.storage.FileSystemStorage\", \"size\": [100, 100]}"}}, {"model": "thumbnail.kvstore", "pk": "sorl-thumbnail||image||fc67c6baa286e51627ef6ef38b2be894", "fields": {"value": "{\"name\": \"users/images/h13.jpg\", \"storage\": \"django.core.files.storage.FileSystemStorage\", \"size\": [259, 194]}"}}, {"model": "thumbnail.kvstore", "pk": "sorl-thumbnail||thumbnails||09b3a147cdfcd9c7fec20df37ce14fd5", "fields": {"value": "[\"3b5a4abacc1a1d889ab104ff78a08699\"]"}}, {"model": "thumbnail.kvstore", "pk": "sorl-thumbnail||thumbnails||0b34ccc886c7d260736ee936db98b459", "fields": {"value": "[\"37a69cf4c0789e1eb13890100119c2c4\"]"}}, {"model": "thumbnail.kvstore", "pk": "sorl-thumbnail||thumbnails||0d42eb1cefe5849501366af8b1a730ff", "fields": {"value": "[\"9cf3fbcbfcba81dd549546cc99e74ec2\"]"}}, {"model": "thumbnail.kvstore", "pk": "sorl-thumbnail||thumbnails||13fc38d26390806a62be14b099a8a1b0", "fields": {"value": "[\"a787f6304677bd9a38f919be200876b9\"]"}}, {"model": "thumbnail.kvstore", "pk": "sorl-thumbnail||thumbnails||1a096cbf46b670a5a74f1625262ff1ac", "fields": {"value": "[\"b4350ee04a6c4b3fd3fdd5412cd127f1\"]"}}, {"model": "thumbnail.kvstore", "pk": "sorl-thumbnail||thumbnails||1b20e41907e351e17ef388be7ce2fe10", "fields": {"value": "[\"a91442626b4d252700c7b0dccf18219e\"]"}}, {"model": "thumbnail.kvstore", "pk": "sorl-thumbnail||thumbnails||1c0379df70f66fc0f37ec2da8c2a703c", "fields": {"value": "[\"0e50feda9969398a44fa9fc1a92d2173\"]"}}, {"model": "thumbnail.kvstore", "pk": "sorl-thumbnail||thumbnails||21985958f5822b2776899ff8ea788f1f", "fields": {"value": "[\"fae17f00be10c1ca7a8e2a8e4083bfca\"]"}}, {"model": "thumbnail.kvstore", "pk": "sorl-thumbnail||thumbnails||2bdaaa3ac08bb4a9946c2036a0110312", "fields": {"value": "[\"510da28e9251cab6457da120a6ab356b\"]"}}, {"model": "thumbnail.kvstore", "pk": "sorl-thumbnail||thumbnails||4ead9f9724c4bc7ace3c3fe3e42084be", "fields": {"value": "[\"5d263ca0daf6c51464fab482034955ba\"]"}}, {"model": "thumbnail.kvstore", "pk": "sorl-thumbnail||thumbnails||5ba713c0e63e7461a4408a1171d5a426", "fields": {"value": "[\"dc3f114c054e82e2f67e388216d06a7c\"]"}}, {"model": "thumbnail.kvstore", "pk": "sorl-thumbnail||thumbnails||66874cdfd3d255879edf1ee65d12c5fc", "fields": {"value": "[\"1685e9ea33c106e62d3e9816520ecc86\"]"}}, {"model": "thumbnail.kvstore", "pk": "sorl-thumbnail||thumbnails||6b1502e1f1d930046e4a1b87466b4cc0", "fields": {"value": "[\"c4160e888076738eb421bd7221220e40\"]"}}, {"model": "thumbnail.kvstore", "pk": "sorl-thumbnail||thumbnails||6e755cff912ae6daf8ee6003e9702865", "fields": {"value": "[\"ea308e59c661ec33e219d917b3d2fbae\"]"}}, {"model": "thumbnail.kvstore", "pk": "sorl-thumbnail||thumbnails||6fb8f522a0578bbf0bf45e43ea02f867", "fields": {"value": "[\"f4ecc480be6f7f9f2900411c2e0341a8\"]"}}, {"model": "thumbnail.kvstore", "pk": "sorl-thumbnail||thumbnails||73f9da28c330ea3487bf8c66d64d2db1", "fields": {"value": "[\"1486534d666abcadf553006ed00fe9a4\"]"}}, {"model": "thumbnail.kvstore", "pk": "sorl-thumbnail||thumbnails||7b2ab8e6384884b6195713c43493f855", "fields": {"value": "[\"c7fd6cef484d18955c202a73a08d0b69\"]"}}, {"model": "thumbnail.kvstore", "pk": "sorl-thumbnail||thumbnails||84cb4c304e67082382b1818ca31dbe80", "fields": {"value": "[\"e6b4785b77be24a04145d5cdeacdc20e\"]"}}, {"model": "thumbnail.kvstore", "pk": "sorl-thumbnail||thumbnails||8980fd4517445e4058dd5ff10f61d3e4", "fields": {"value": "[\"85aa4cc884d8bc8ff7537436211ac1eb\"]"}}, {"model": "thumbnail.kvstore", "pk": "sorl-thumbnail||thumbnails||a1242f025c23a29debbbba4ccdbaa8ed", "fields": {"value": "[\"63ede08bc33fc553fc297730def91f27\"]"}}, {"model": "thumbnail.kvstore", "pk": "sorl-thumbnail||thumbnails||a5e46a14521b26abfe5651f1046fe1d4", "fields": {"value": "[\"fc35b459efd6874b95da98bd11e1cfd9\"]"}}, {"model": "thumbnail.kvstore", "pk": "sorl-thumbnail||thumbnails||b0bb9e886a89589504f98e4b1464f28d", "fields": {"value": "[\"a3273d532418539a3546327476215faf\"]"}}, {"model": "thumbnail.kvstore", "pk": "sorl-thumbnail||thumbnails||b26092753203aa428350b68f40529dd6", "fields": {"value": "[\"9cf041ca51e22b22245721729ae76f14\"]"}}, {"model": "thumbnail.kvstore", "pk": "sorl-thumbnail||thumbnails||bfda55ed6eed21ee0a627e429b7d4af1", "fields": {"value": "[\"cee71c4817ce46a700e44fb4c136c5ce\"]"}}, {"model": "thumbnail.kvstore", "pk": "sorl-thumbnail||thumbnails||c3626892c832547f735cc126698c0de2", "fields": {"value": "[\"a2e468a1d4f340fb3e0f11818c2d3f77\"]"}}, {"model": "thumbnail.kvstore", "pk": "sorl-thumbnail||thumbnails||c8874a174f7cdbed409e0fd7ec70f935", "fields": {"value": "[\"2b7ac3f6d7e2f37dc3b1a1146faacdfa\"]"}}, {"model": "thumbnail.kvstore", "pk": "sorl-thumbnail||thumbnails||c8b37def19cf6286a402daf233888ad1", "fields": {"value": "[\"d91158142fc5e90b11926d3e2b3482fb\"]"}}, {"model": "thumbnail.kvstore", "pk": "sorl-thumbnail||thumbnails||d1709e0d4c12872498a29960ca844e00", "fields": {"value": "[\"1ccad9a37ca7e1ddd4bf93dc5b4696d0\"]"}}, {"model": "thumbnail.kvstore", "pk": "sorl-thumbnail||thumbnails||d39a0705fca9896ef6daeb73418e8de5", "fields": {"value": "[\"48eed386a01208fefde31383475025f2\"]"}}, {"model": "thumbnail.kvstore", "pk": "sorl-thumbnail||thumbnails||d93198cddf8c867ca7ea80a3757311c5", "fields": {"value": "[\"04057a3d7ded04f916b7dc257993fb66\"]"}}, {"model": "thumbnail.kvstore", "pk": "sorl-thumbnail||thumbnails||f590a0611c0c245a98e1194b54c8fe8a", "fields": {"value": "[\"e9704ed06d00e774ab081f2b3e987961\"]"}}, {"model": "thumbnail.kvstore", "pk": "sorl-thumbnail||thumbnails||f7add8730d317f645dbb77f7d9a63dba", "fields": {"value": "[\"5953e82037cc467058e1988b822553f5\"]"}}, {"model": "thumbnail.kvstore", "pk": "sorl-thumbnail||thumbnails||fa15994261eae4f11be1fb3a9a85a1dd", "fields": {"value": "[\"89afc147ddadfb88ef60ad29b2b7ebfc\"]"}}, {"model": "thumbnail.kvstore", "pk": "sorl-thumbnail||thumbnails||fc67c6baa286e51627ef6ef38b2be894", "fields": {"value": "[\"ebae05c0d580bc9004c014b501c04b8f\"]"}}, {"model": "accounts.user", "pk": 1, "fields": {"password": "pbkdf2_sha256$390000$Povm8ZYvXdVKJxPmWgH0ab$c0P0Kcq1mhRedGrArpV1P6yR/I+LzXXPdms2jvbPhLw=", "first_name": "Amjad ", "last_name": "Khan", "username": "aakhan1572", "email": "aakhan1572@yahoo.com", "phone_number": "", "role": null, "company": "", "date_joined": "2023-02-20T12:36:27.774Z", "last_login": "2023-02-24T18:43:46.633Z", "created_date": "2023-02-20T12:36:27.774Z", "modified_date": "2023-02-20T12:36:27.784Z", "is_admin": true, "is_staff": true, "is_active": true, "is_superadmin": true}}, {"model": "accounts.user", "pk": 2, "fields": {"password": "pbkdf2_sha256$390000$0Rw1aSjw4dNgoXHhvAgFss$pvuBCZ0SMDQfZc6ziPJ2A0jkSO0JLLb1WEooGJFvtWw=", "first_name": "Ayaan", "last_name": "Ali Khan", "username": "Ayaan", "email": "ayaan1572@yahoo.com", "phone_number": "", "role": null, "company": "", "date_joined": "2023-02-21T16:51:52.399Z", "last_login": "2023-02-21T16:52:58.754Z", "created_date": "2023-02-21T16:51:52.399Z", "modified_date": "2023-02-21T16:51:52.415Z", "is_admin": true, "is_staff": true, "is_active": true, "is_superadmin": true}}, {"model": "accounts.userprofile", "pk": 1, "fields": {"user": 1, "profile_picture": "", "cover_photo": "", "address": null, "country": null, "state": null, "city": null, "pin_code": null, "latitude": "53.30462100000002", "longitude": "-6.328125", "location": "Hyderabad", "created_at": "2023-02-20T12:36:27.780Z", "modified_at": "2023-02-24T18:43:46.642Z"}}, {"model": "accounts.userprofile", "pk": 2, "fields": {"user": 2, "profile_picture": "", "cover_photo": "", "address": null, "country": null, "state": null, "city": null, "pin_code": null, "latitude": "53.30462100000002", "longitude": "-6.328125", "location": "Hyderabad", "created_at": "2023-02-21T16:51:52.399Z", "modified_at": "2023-02-21T16:52:58.759Z"}}, {"model": "accounts.contactus", "pk": 1, "fields": {"fullname": "Kabir", "mobileno": "811766", "email": "aakhan1572@yahoo.com", "address": "House no 8-1-523 BrindavanColony", "purpose": "I would like to contact thanks", "is_active": false, "created_at": "2023-02-22T13:59:01.009Z", "modified_at": "2023-02-22T13:59:01.013Z", "last_login": "2023-02-22T13:59:01.013Z"}}, {"model": "accounts.contactus", "pk": 2, "fields": {"fullname": "Mamun", "mobileno": "8932423", "email": "aakhan@algosaibi.com.sa", "address": "Post no 4131", "purpose": "I want to with  you", "is_active": false, "created_at": "2023-02-22T14:03:00.696Z", "modified_at": "2023-02-22T14:03:00.700Z", "last_login": "2023-02-22T14:03:00.700Z"}}, {"model": "expads.countrycode", "pk": 1, "fields": {"name": "India"}}, {"model": "expads.countrycode", "pk": 2, "fields": {"name": "Saudi Arabia"}}, {"model": "expads.countrycode", "pk": 3, "fields": {"name": "Pakistan"}}, {"model": "expads.purpose", "pk": 1, "fields": {"name": "Sale"}}, {"model": "expads.purpose", "pk": 2, "fields": {"name": "Buy"}}, {"model": "expads.purpose", "pk": 3, "fields": {"name": "Rent"}}, {"model": "expads.purpose", "pk": 4, "fields": {"name": "Wanted"}}, {"model": "expads.citycode", "pk": 1, "fields": {"name": "Hyderabad", "countrycode": 1}}, {"model": "expads.citycode", "pk": 2, "fields": {"name": "Bombay", "countrycode": 1}}, {"model": "expads.citycode", "pk": 3, "fields": {"name": "Delhi", "countrycode": 1}}, {"model": "expads.citycode", "pk": 4, "fields": {"name": "Chennai", "countrycode": 1}}, {"model": "expads.citycode", "pk": 5, "fields": {"name": "Dammam", "countrycode": 2}}, {"model": "expads.citycode", "pk": 6, "fields": {"name": "Riyadh", "countrycode": 2}}, {"model": "expads.citycode", "pk": 7, "fields": {"name": "Jeddah", "countrycode": 2}}, {"model": "expads.citycode", "pk": 8, "fields": {"name": "Karachi", "countrycode": 3}}, {"model": "expads.locationcode", "pk": 1, "fields": {"name": "Brindavan Colony", "locationcode": 1}}, {"model": "expads.locationcode", "pk": 2, "fields": {"name": "Shamshabad", "locationcode": 1}}, {"model": "expads.locationcode", "pk": 3, "fields": {"name": "Shadnagar", "locationcode": 1}}, {"model": "expads.locationcode", "pk": 4, "fields": {"name": "Shabad", "locationcode": 1}}, {"model": "expads.locationcode", "pk": 5, "fields": {"name": "Sadasiv[et", "locationcode": 1}}, {"model": "expads.sublocationcode", "pk": 1, "fields": {"name": "Tolichowki", "sublocationCode": 1}}, {"model": "expads.sublocationcode", "pk": 2, "fields": {"name": "P and T colony", "sublocationCode": 2}}, {"model": "expads.category", "pk": 1, "fields": {"name": "Lands", "slug": "lands", "thumbnail": "", "created": "2023-02-20T21:33:50.813Z", "updated": "2023-02-20T21:33:50.813Z"}}, {"model": "expads.category", "pk": 2, "fields": {"name": "Plots", "slug": "plots", "thumbnail": "", "created": "2023-02-20T21:33:55.304Z", "updated": "2023-02-20T21:33:55.304Z"}}, {"model": "expads.category", "pk": 3, "fields": {"name": "Flats", "slug": "flats", "thumbnail": "", "created": "2023-02-20T21:34:01.072Z", "updated": "2023-02-20T21:34:01.072Z"}}, {"model": "expads.category", "pk": 4, "fields": {"name": "PG", "slug": "pg", "thumbnail": "", "created": "2023-02-20T21:34:11.031Z", "updated": "2023-02-20T21:34:11.031Z"}}, {"model": "expads.category", "pk": 5, "fields": {"name": "Hostel", "slug": "hostel", "thumbnail": "", "created": "2023-02-20T21:34:15.558Z", "updated": "2023-02-20T21:34:15.558Z"}}, {"model": "expads.category", "pk": 6, "fields": {"name": "CoWorker", "slug": "coworker", "thumbnail": "", "created": "2023-02-20T21:34:23.702Z", "updated": "2023-02-20T21:34:23.702Z"}}, {"model": "expads.category", "pk": 7, "fields": {"name": "B2B", "slug": "b2b", "thumbnail": "", "created": "2023-02-20T21:34:30.186Z", "updated": "2023-02-20T21:34:30.186Z"}}, {"model": "expads.category", "pk": 8, "fields": {"name": "Commercial", "slug": "commercial", "thumbnail": "", "created": "2023-02-22T17:59:15.580Z", "updated": "2023-02-22T17:59:15.580Z"}}, {"model": "expads.category", "pk": 9, "fields": {"name": "Shops", "slug": "shops", "thumbnail": "", "created": "2023-02-22T17:59:23.524Z", "updated": "2023-02-22T17:59:23.524Z"}}, {"model": "expads.expatad", "pk": 1, "fields": {"user": 1, "category": 2, "fullname": "Kabir", "countrycode": 1, "purpose": 1, "citycode": 1, "locationcode": "Brindavan Colony", "sublocationcode": "Tolichowki", "landmark": "Near Wahab Majid", "area": "200", "areameasurement": "sq. Yards", "contactno": "8106114558", "zipcode": "500008", "price": "450000.00", "Description": "This Plot Near to Bazaar and Majid and basic needs", "is_active": true, "cover_photo": "users/cover_photos/Shabad_gate_reG6bYz.jpeg", "created": "2023-02-20T21:40:30.849Z", "updated": "2023-02-20T21:40:30.849Z"}}, {"model": "expads.expatad", "pk": 2, "fields": {"user": 1, "category": 2, "fullname": "Amjad Ali Khan", "countrycode": 1, "purpose": 1, "citycode": 1, "locationcode": "Brindavan Colony", "sublocationcode": "Tolichowki", "landmark": "Near Ibrahim Majid", "area": "200", "areameasurement": "sq. Yards", "contactno": "8106114558", "zipcode": "500008", "price": "450000.00", "Description": "This is located at very good location heart of City", "is_active": true, "cover_photo": "users/cover_photos/Shabad_Highway_project.jpeg", "created": "2023-02-20T21:42:10.207Z", "updated": "2023-02-20T21:42:10.207Z"}}, {"model": "expads.expatad", "pk": 3, "fields": {"user": 1, "category": 2, "fullname": "Ayaan", "countrycode": 1, "purpose": 1, "citycode": 1, "locationcode": "Moula Ali", "sublocationcode": "VasanthVihar", "landmark": "Near Ambedkar Statue", "area": "200", "areameasurement": "sq. Yards", "contactno": "982442455", "zipcode": "500040", "price": "70000.00", "Description": "This is near IIT pavai", "is_active": true, "cover_photo": "users/cover_photos/house1.jpeg", "created": "2023-02-22T15:08:17.971Z", "updated": "2023-02-22T15:08:17.971Z"}}, {"model": "expads.expatad", "pk": 4, "fields": {"user": 1, "category": 1, "fullname": "Shamshabad", "countrycode": 1, "purpose": 1, "citycode": 1, "locationcode": "Shamshabad", "sublocationcode": "Near Airport", "landmark": "Airport", "area": "200", "areameasurement": "sq. Yards", "contactno": "81045993", "zipcode": "500008", "price": "5600.00", "Description": "Description", "is_active": true, "cover_photo": "users/cover_photos/WhatsApp_Image_2022-12-26_at_17.56.51.jpeg", "created": "2023-02-22T16:27:08.702Z", "updated": "2023-02-22T16:27:08.702Z"}}, {"model": "expads.expatad", "pk": 5, "fields": {"user": 1, "category": 5, "fullname": "Ajss", "countrycode": 1, "purpose": 1, "citycode": 1, "locationcode": "Tolichowki", "sublocationcode": "Brindavan Colony", "landmark": "Main Road", "area": "800", "areameasurement": "Sq. ft.", "contactno": "811", "zipcode": "500008", "price": "456700.00", "Description": "This is Near IIT PAVAI Mumbai", "is_active": true, "cover_photo": "users/cover_photos/ShaadNagar3.jpeg", "created": "2023-02-22T16:28:46.974Z", "updated": "2023-02-22T16:28:46.974Z"}}, {"model": "expads.expatad", "pk": 6, "fields": {"user": 1, "category": 8, "fullname": "Commercial shop", "countrycode": 1, "purpose": 1, "citycode": 1, "locationcode": "Tolichowki", "sublocationcode": "Rahul Colony", "landmark": "PT School", "area": "200", "areameasurement": "sq. Yards", "contactno": "810242342", "zipcode": "500008", "price": "560000.00", "Description": "the sheera mall and dammam", "is_active": true, "cover_photo": "users/cover_photos/h1.jpg", "created": "2023-02-22T19:15:23.515Z", "updated": "2023-02-22T19:15:23.515Z"}}, {"model": "expads.expatad", "pk": 7, "fields": {"user": 1, "category": 3, "fullname": "house1", "countrycode": 1, "purpose": 1, "citycode": 1, "locationcode": "Kachiguda", "sublocationcode": "Chappal Bazar", "landmark": "Near Hari Majid", "area": "1450", "areameasurement": "Sq. ft.", "contactno": "8234234", "zipcode": "500008", "price": "56000.00", "Description": "This is Located at very good Colony", "is_active": true, "cover_photo": "users/cover_photos/h11.jpg", "created": "2023-02-22T19:16:51.929Z", "updated": "2023-02-22T19:16:51.929Z"}}, {"model": "expads.expatad", "pk": 8, "fields": {"user": 1, "category": 3, "fullname": "Flat2", "countrycode": 1, "purpose": 1, "citycode": 1, "locationcode": "Koti", "sublocationcode": "Sultan bazar", "landmark": "Vaibav Near", "area": "1500", "areameasurement": "Sq. ft.", "contactno": "982122", "zipcode": "500023", "price": "8099334.00", "Description": "This situated at very good place and Main Road", "is_active": true, "cover_photo": "users/cover_photos/h7.jpg", "created": "2023-02-22T19:18:24.391Z", "updated": "2023-02-22T19:18:24.391Z"}}, {"model": "expads.expatad", "pk": 9, "fields": {"user": 1, "category": 8, "fullname": "House4", "countrycode": 1, "purpose": 1, "citycode": 1, "locationcode": "Kukantpally", "sublocationcode": "JNTU", "landmark": "SS MAll", "area": "1610", "areameasurement": "Sq. ft.", "contactno": "8102300", "zipcode": "5000098", "price": "4566000.00", "Description": "This near JNTU", "is_active": true, "cover_photo": "users/cover_photos/h5.jpg", "created": "2023-02-22T19:19:45.847Z", "updated": "2023-02-22T19:19:45.847Z"}}, {"model": "expads.expatad", "pk": 10, "fields": {"user": 1, "category": 1, "fullname": "Land1", "countrycode": 1, "purpose": 1, "citycode": 1, "locationcode": "Shamshabad", "sublocationcode": "Airport", "landmark": "Near nabawerchi Hotel", "area": "1800", "areameasurement": "Sq. ft.", "contactno": "8104563", "zipcode": "500009", "price": "400000.00", "Description": "This situated at main road Empty Land", "is_active": true, "cover_photo": "users/cover_photos/p10.jpg", "created": "2023-02-22T19:21:25.202Z", "updated": "2023-02-22T19:21:25.202Z"}}, {"model": "expads.expatad", "pk": 11, "fields": {"user": 1, "category": 9, "fullname": "Plot2", "countrycode": 1, "purpose": 1, "citycode": 1, "locationcode": "Near Tolichowki Bridge", "sublocationcode": "Lucky Hotel", "landmark": "Near Ruman Hotel", "area": "1800", "areameasurement": "Sq. ft.", "contactno": "810345000", "zipcode": "500008", "price": "800.00", "Description": "This located at tolichowki bridge", "is_active": true, "cover_photo": "users/cover_photos/h20.jpg", "created": "2023-02-22T19:23:12.923Z", "updated": "2023-02-22T19:23:12.923Z"}}, {"model": "expads.expatad", "pk": 12, "fields": {"user": 1, "category": 2, "fullname": "Fadilkhann", "countrycode": 1, "purpose": 1, "citycode": 1, "locationcode": "Tolichowki", "sublocationcode": "Brindavan Colony", "landmark": "Near Wahab Majid", "area": "1800", "areameasurement": "Sq. ft.", "contactno": "8103459988", "zipcode": "500008", "price": "45000.00", "Description": "This is located at very good Idea", "is_active": true, "cover_photo": "users/cover_photos/h14.jpg", "created": "2023-02-24T18:45:19.217Z", "updated": "2023-02-24T18:45:19.217Z"}}, {"model": "expads.expatimage", "pk": 1, "fields": {"expatads": 1, "images": "users/images/WhatsApp_Image_2023-01-31_at_22.50.33_1_Ok3vZrD.jpeg"}}, {"model": "expads.expatimage", "pk": 2, "fields": {"expatads": 1, "images": "users/images/WhatsApp_Image_2023-01-31_at_22.50.33_UZRrEHW.jpeg"}}, {"model": "expads.expatimage", "pk": 3, "fields": {"expatads": 1, "images": "users/images/WhatsApp_Image_2023-01-31_at_22.50.34_1_K7dzAg5.jpeg"}}, {"model": "expads.expatimage", "pk": 4, "fields": {"expatads": 2, "images": "users/images/Project_Developments.png"}}, {"model": "expads.expatimage", "pk": 5, "fields": {"expatads": 2, "images": "users/images/Sadashiv_Bombay_Highway_Projects.png"}}, {"model": "expads.expatimage", "pk": 6, "fields": {"expatads": 2, "images": "users/images/Shabad_highway.mp4"}}, {"model": "expads.expatimage", "pk": 7, "fields": {"expatads": 2, "images": "users/images/WhatsApp_Image_2023-01-31_at_22.50.31.jpeg"}}, {"model": "expads.expatimage", "pk": 8, "fields": {"expatads": 2, "images": "users/images/WhatsApp_Image_2023-01-31_at_22.50.32_1.jpeg"}}, {"model": "expads.expatimage", "pk": 9, "fields": {"expatads": 2, "images": "users/images/WhatsApp_Image_2023-01-31_at_22.50.32_vmcOK3h.jpeg"}}, {"model": "expads.expatimage", "pk": 10, "fields": {"expatads": 2, "images": "users/images/WhatsApp_Image_2023-01-31_at_22.50.33_1_kfB0UA6.jpeg"}}, {"model": "expads.expatimage", "pk": 11, "fields": {"expatads": 3, "images": "users/images/Picture0.jpeg"}}, {"model": "expads.expatimage", "pk": 12, "fields": {"expatads": 3, "images": "users/images/Picture4.jpeg"}}, {"model": "expads.expatimage", "pk": 13, "fields": {"expatads": 3, "images": "users/images/Picture5.jpeg"}}, {"model": "expads.expatimage", "pk": 14, "fields": {"expatads": 3, "images": "users/images/WhatsApp_Image_2022-12-26_at_17.56.51.jpeg"}}, {"model": "expads.expatimage", "pk": 15, "fields": {"expatads": 3, "images": "users/images/WhatsApp_Image_2022-12-26_at_17.56.52.jpeg"}}, {"model": "expads.expatimage", "pk": 16, "fields": {"expatads": 4, "images": "users/images/Picture2.jpeg"}}, {"model": "expads.expatimage", "pk": 17, "fields": {"expatads": 4, "images": "users/images/Picture5_iQJRCIy.jpeg"}}, {"model": "expads.expatimage", "pk": 18, "fields": {"expatads": 4, "images": "users/images/WhatsApp_Image_2022-12-26_at_17.56.51_LSujh5h.jpeg"}}, {"model": "expads.expatimage", "pk": 19, "fields": {"expatads": 4, "images": "users/images/WhatsApp_Image_2022-12-26_at_17.56.52_swzygrS.jpeg"}}, {"model": "expads.expatimage", "pk": 20, "fields": {"expatads": 5, "images": "users/images/DONT.jpg"}}, {"model": "expads.expatimage", "pk": 21, "fields": {"expatads": 5, "images": "users/images/HMDA_SHAADNAGAR.jpg"}}, {"model": "expads.expatimage", "pk": 22, "fields": {"expatads": 5, "images": "users/images/ShaadNagar1.jpeg"}}, {"model": "expads.expatimage", "pk": 23, "fields": {"expatads": 5, "images": "users/images/ShaadNagar2.jpeg"}}, {"model": "expads.expatimage", "pk": 24, "fields": {"expatads": 5, "images": "users/images/ShaadNagar5.jpeg"}}, {"model": "expads.expatimage", "pk": 25, "fields": {"expatads": 6, "images": "users/images/l1.jpg"}}, {"model": "expads.expatimage", "pk": 26, "fields": {"expatads": 6, "images": "users/images/p1.jpg"}}, {"model": "expads.expatimage", "pk": 27, "fields": {"expatads": 6, "images": "users/images/p2.jpg"}}, {"model": "expads.expatimage", "pk": 28, "fields": {"expatads": 6, "images": "users/images/p6.jpg"}}, {"model": "expads.expatimage", "pk": 29, "fields": {"expatads": 6, "images": "users/images/p7.jpg"}}, {"model": "expads.expatimage", "pk": 30, "fields": {"expatads": 6, "images": "users/images/p8.jpg"}}, {"model": "expads.expatimage", "pk": 31, "fields": {"expatads": 7, "images": "users/images/h9.jpg"}}, {"model": "expads.expatimage", "pk": 32, "fields": {"expatads": 7, "images": "users/images/h10.jpg"}}, {"model": "expads.expatimage", "pk": 33, "fields": {"expatads": 7, "images": "users/images/h11.jpg"}}, {"model": "expads.expatimage", "pk": 34, "fields": {"expatads": 7, "images": "users/images/h12.jpg"}}, {"model": "expads.expatimage", "pk": 35, "fields": {"expatads": 8, "images": "users/images/p3.jpg"}}, {"model": "expads.expatimage", "pk": 36, "fields": {"expatads": 8, "images": "users/images/p4.jpg"}}, {"model": "expads.expatimage", "pk": 37, "fields": {"expatads": 8, "images": "users/images/p9.jpg"}}, {"model": "expads.expatimage", "pk": 38, "fields": {"expatads": 8, "images": "users/images/p10.jpg"}}, {"model": "expads.expatimage", "pk": 39, "fields": {"expatads": 9, "images": "users/images/hh10.jpg"}}, {"model": "expads.expatimage", "pk": 40, "fields": {"expatads": 9, "images": "users/images/l1_7GSVuc3.jpg"}}, {"model": "expads.expatimage", "pk": 41, "fields": {"expatads": 9, "images": "users/images/p5.jpg"}}, {"model": "expads.expatimage", "pk": 42, "fields": {"expatads": 9, "images": "users/images/p6_Ph9cWqE.jpg"}}, {"model": "expads.expatimage", "pk": 43, "fields": {"expatads": 9, "images": "users/images/p11.jpg"}}, {"model": "expads.expatimage", "pk": 44, "fields": {"expatads": 10, "images": "users/images/l1_2ARtb5f.jpg"}}, {"model": "expads.expatimage", "pk": 45, "fields": {"expatads": 10, "images": "users/images/p1_dgHjcPr.jpg"}}, {"model": "expads.expatimage", "pk": 46, "fields": {"expatads": 10, "images": "users/images/p6_6aCx66f.jpg"}}, {"model": "expads.expatimage", "pk": 47, "fields": {"expatads": 10, "images": "users/images/p7_47C6mjv.jpg"}}, {"model": "expads.expatimage", "pk": 48, "fields": {"expatads": 11, "images": "users/images/h7.jpg"}}, {"model": "expads.expatimage", "pk": 49, "fields": {"expatads": 11, "images": "users/images/h13.jpg"}}, {"model": "expads.expatimage", "pk": 50, "fields": {"expatads": 11, "images": "users/images/hh10_SMDr94Y.jpg"}}, {"model": "expads.expatimage", "pk": 51, "fields": {"expatads": 12, "images": "users/images/p3_NRAEpJV.jpg"}}, {"model": "expads.expatimage", "pk": 52, "fields": {"expatads": 12, "images": "users/images/p4_pWNaTqv.jpg"}}, {"model": "expads.expatimage", "pk": 53, "fields": {"expatads": 12, "images": "users/images/p9_aL38oJg.jpg"}}, {"model": "expads.expatimage", "pk": 54, "fields": {"expatads": 12, "images": "users/images/p10_k1qPmSA.jpg"}}, {"model": "expads.contactme", "pk": 1, "fields": {"fullname": "Amjad", "contactno": "8106114558", "email": "aakhan1572@yahoo.com", "Description": "Please Contact", "is_fallowed": "false", "created": "2023-02-20T12:37:31.652Z", "updated": "2023-02-20T12:37:31.652Z"}}, {"model": "expads.contactme", "pk": 16, "fields": {"fullname": "Kabir", "contactno": "7075114558", "email": "agsamjad1@gmail.com", "Description": "This is my Latest description Near to sangeeth", "is_fallowed": "false", "created": "2023-02-22T13:50:35.009Z", "updated": "2023-02-22T13:50:35.009Z"}}, {"model": "expads.contactme", "pk": 17, "fields": {"fullname": "Kabir", "contactno": "7075114558", "email": "agsamjad1@gmail.com", "Description": "This is my Latest description Near to sangeeth", "is_fallowed": "false", "created": "2023-02-22T13:53:19.639Z", "updated": "2023-02-22T13:53:19.639Z"}}, {"model": "expads.contactme", "pk": 18, "fields": {"fullname": "Ayaan", "contactno": "3234", "email": "aakhan1572@yahoo.com", "Description": "This is desdcriotioon", "is_fallowed": "false", "created": "2023-02-22T14:08:05.669Z", "updated": "2023-02-22T14:08:05.669Z"}}, {"model": "expads.contactme", "pk": 19, "fields": {"fullname": "Jack", "contactno": "324234", "email": "aakhan1572@yahoo.com", "Description": "This is new message", "is_fallowed": "Message followed this is result", "created": "2023-02-22T14:14:30.190Z", "updated": "2023-02-22T14:15:14.540Z"}}, {"model": "expads.contactme", "pk": 20, "fields": {"fullname": "amjad", "contactno": "345345", "email": "agsamjad1@gmail.com", "Description": "sdfsdf", "is_fallowed": "Yet Not Followed This Message", "created": "2023-02-22T16:30:31.469Z", "updated": "2023-02-22T16:30:31.469Z"}}, {"model": "expads.contactme", "pk": 21, "fields": {"fullname": "amjad", "contactno": "345345", "email": "agsamjad1@gmail.com", "Description": "sdfsdf", "is_fallowed": "Yet Not Followed This Message", "created": "2023-02-22T16:30:34.155Z", "updated": "2023-02-22T16:30:34.155Z"}}, {"model": "expads.contactme", "pk": 22, "fields": {"fullname": "Khan", "contactno": "8124234", "email": "aakhan@yahoo.com", "Description": "sfsdfs", "is_fallowed": "Follow itee", "created": "2023-02-23T11:33:41.891Z", "updated": "2023-02-23T11:34:48.716Z"}}, {"model": "expads.contactme", "pk": 23, "fields": {"fullname": "Ayaan", "contactno": "81000344", "email": "ayaaan@yahoo.com", "Description": "I am interest please", "is_fallowed": "Yet Not Followed This Message", "created": "2023-02-24T19:38:58.536Z", "updated": "2023-02-24T19:38:58.536Z"}}, {"model": "expads.contactme", "pk": 24, "fields": {"fullname": "ayaan", "contactno": "83400333", "email": "aatradinghyd@gmail.com", "Description": "Please call me", "is_fallowed": "I folled he is interested to buy", "created": "2023-02-24T19:40:04.609Z", "updated": "2023-02-24T19:41:41.119Z"}}, {"model": "expads.interested", "pk": 1, "fields": {"fullname": "amjad khan New", "contactno": "3423423", "email": "aakhan1572@yahoo.com", "Description": "This new Details", "is_fallowed": "Yet Not Followed This Message", "created": "2023-02-22T15:19:40.813Z", "updated": "2023-02-22T15:19:40.813Z"}}, {"model": "expads.interested", "pk": 2, "fields": {"fullname": "kk", "contactno": "kk", "email": "aakhan1572@yahoo.com", "Description": "sdfsdfs", "is_fallowed": "Yet Not Followed This Message", "created": "2023-02-22T15:21:35.018Z", "updated": "2023-02-22T15:21:35.018Z"}}, {"model": "expads.interested", "pk": 3, "fields": {"fullname": "dd", "contactno": "ddd", "email": "agsamjad1@gmail.com", "Description": "this is the the couc", "is_fallowed": "Yet Not Followed This Message", "created": "2023-02-22T15:22:13.150Z", "updated": "2023-02-22T15:22:13.150Z"}}]